{
  "mean": -2.6340975669047655,
  "std": 0.5136591865024245,
  "n_samples": 84,
  "subject_ids": [
    2
  ],
  "spectrogram_shape": [
    2,
    49,
    91
  ]
}