{
  "mean": -2.743786334991455,
  "std": 0.5432164669036865
}