{
  "mean": -2.851144313812256,
  "std": 0.5877326726913452
}